ModeloA,ModeloB,Estados Visitados,Tempo por Jogada,Profundidade
MinMax,Random,19608,0.358961820602417,5
MinMax,Random,19608,0.33913540840148926,5
MinMax,Random,19576,0.3551483154296875,5
MinMax,Random,19608,0.41675662994384766,5
MinMax,Random,19608,0.40656471252441406,5
MinMax,Random,19355,0.38258981704711914,5
MinMax,Random,19156,0.429903507232666,5
MinMax,Random,14746,0.28466057777404785,5
MinMax,Random,19608,0.351853609085083,5
MinMax,Random,19576,0.3644073009490967,5
MinMax,Random,18773,0.3690972328186035,5
MinMax,Random,16020,0.2960844039916992,5
MinMax,Random,9331,0.18503999710083008,5
MinMax,Random,8891,0.1643521785736084,5
MinMax,Random,8555,0.16748881340026855,5
MinMax,Random,3640,0.0734097957611084,5
MinMax,Random,3333,0.06442737579345703,5
MinMax,Random,2233,0.04116225242614746,5
MinMax,Random,1090,0.019010543823242188,5
MinMax,Random,19608,0.3526735305786133,5
MinMax,Random,18768,0.3410830497741699,5
MinMax,Random,18935,0.34074950218200684,5
MinMax,Random,14791,0.27247023582458496,5
MinMax,Random,19608,0.35035228729248047,5
MinMax,Random,19607,0.3495943546295166,5
MinMax,Random,19607,0.3842623233795166,5
MinMax,Random,19606,0.36479830741882324,5
MinMax,Random,18999,0.37005162239074707,5
MinMax,Random,14495,0.27266740798950195,5
MinMax,Random,2801,0.0482175350189209,4
MinMax,Random,2800,0.04859113693237305,4
MinMax,Random,2775,0.04999184608459473,4
MinMax,Random,2540,0.044219255447387695,4
MinMax,Random,2540,0.05274772644042969,4
MinMax,Random,2499,0.05321907997131348,4
MinMax,Random,2456,0.0552372932434082,4
MinMax,Random,1126,0.022792816162109375,4
MinMax,Random,2801,0.05308723449707031,4
MinMax,Random,2801,0.04901695251464844,4
MinMax,Random,2759,0.05095338821411133,4
MinMax,Random,2150,0.041033267974853516,4
MinMax,Random,2801,0.047673940658569336,4
MinMax,Random,2801,0.04924416542053223,4
MinMax,Random,2801,0.0549163818359375,4
MinMax,Random,2758,0.05634260177612305,4
MinMax,Random,1899,0.03367328643798828,4
MinMax,Random,400,0.005699872970581055,3
MinMax,Random,400,0.006881237030029297,3
MinMax,Random,400,0.007393836975097656,3
MinMax,Random,344,0.005215167999267578,3
MinMax,Random,400,0.006719827651977539,3
MinMax,Random,400,0.006793498992919922,3
MinMax,Random,400,0.007102489471435547,3
MinMax,Random,344,0.005944013595581055,3
MinMax,Random,400,0.007409811019897461,3
MinMax,Random,400,0.007077932357788086,3
MinMax,Random,400,0.007149457931518555,3
MinMax,Random,399,0.010630130767822266,3
MinMax,Random,338,0.012123346328735352,3
MinMax,Random,57,0.0009851455688476562,2
MinMax,Random,57,0.0009520053863525391,2
MinMax,Random,57,0.0008718967437744141,2
MinMax,Random,57,0.0009765625,2
MinMax,Random,57,0.0008704662322998047,2
MinMax,Random,57,0.0010633468627929688,2
MinMax,Random,57,0.0008685588836669922,2
MinMax,Random,57,0.00095367431640625,2
MinMax,Random,57,0.0009369850158691406,2
MinMax,Random,57,0.001069784164428711,2
MinMax,Random,50,0.0008006095886230469,2
Alpha-Beta,MinMax,42,0.0007314682006835938,2
MinMax,Alpha-Beta,57,0.0009579658508300781,2
Alpha-Beta,MinMax,31,0.0013935565948486328,2
MinMax,Alpha-Beta,57,0.0009047985076904297,2
Alpha-Beta,MinMax,34,0.0006053447723388672,2
MinMax,Alpha-Beta,56,0.0010230541229248047,2
Alpha-Beta,MinMax,32,0.0006561279296875,2
MinMax,Alpha-Beta,43,0.0008432865142822266,2
Alpha-Beta,MinMax,26,0.0005166530609130859,2
MinMax,Alpha-Beta,43,0.0009095668792724609,2
Alpha-Beta,MinMax,25,0.0004284381866455078,2
MinMax,Alpha-Beta,42,0.0008070468902587891,2
Alpha-Beta,MinMax,23,0.0004992485046386719,2
MinMax,Alpha-Beta,31,0.0005736351013183594,2
Alpha-Beta,MinMax,18,0.0008139610290527344,2
Alpha-Beta,MinMax,174,0.0027387142181396484,3
MinMax,Alpha-Beta,400,0.007117748260498047,3
Alpha-Beta,MinMax,257,0.003846883773803711,3
MinMax,Alpha-Beta,400,0.006188869476318359,3
Alpha-Beta,MinMax,237,0.003740072250366211,3
MinMax,Alpha-Beta,380,0.007067680358886719,3
Alpha-Beta,MinMax,129,0.0020194053649902344,3
MinMax,Alpha-Beta,259,0.004869937896728516,3
Alpha-Beta,MinMax,78,0.0011758804321289062,3
MinMax,Alpha-Beta,199,0.00425410270690918,3
Alpha-Beta,MinMax,117,0.002379894256591797,3
Alpha-Beta,MinMax,913,0.01677560806274414,4
MinMax,Alpha-Beta,2801,0.05229949951171875,4
Alpha-Beta,MinMax,891,0.016201496124267578,4
MinMax,Alpha-Beta,2800,0.05636930465698242,4
Alpha-Beta,MinMax,844,0.01631903648376465,4
MinMax,Alpha-Beta,2540,0.04798555374145508,4
Alpha-Beta,MinMax,490,0.010388851165771484,4
MinMax,Alpha-Beta,1555,0.033013105392456055,4
Alpha-Beta,MinMax,386,0.007747650146484375,4
MinMax,Alpha-Beta,1555,0.030786991119384766,4
Alpha-Beta,MinMax,376,0.006974697113037109,4
MinMax,Alpha-Beta,1473,0.03090834617614746,4
Alpha-Beta,MinMax,110,0.0019054412841796875,4
MinMax,Alpha-Beta,1527,0.039136648178100586,4
Alpha-Beta,MinMax,283,0.0053327083587646484,4
MinMax,Alpha-Beta,1511,0.03764200210571289,4
Alpha-Beta,MinMax,262,0.005244731903076172,4
MinMax,Alpha-Beta,1145,0.027993202209472656,4
Alpha-Beta,MinMax,141,0.002323627471923828,4
MinMax,Alpha-Beta,625,0.014803647994995117,4
Alpha-Beta,MinMax,130,0.002379179000854492,4
MinMax,Alpha-Beta,585,0.013441801071166992,4
Alpha-Beta,MinMax,97,0.0011093616485595703,4
MinMax,Alpha-Beta,277,0.00652623176574707,4
Alpha-Beta,MinMax,101,0.0015614032745361328,4
MinMax,Alpha-Beta,277,0.005173683166503906,4
Alpha-Beta,MinMax,96,0.0012769699096679688,4
MinMax,Alpha-Beta,263,0.0048370361328125,4
Alpha-Beta,MinMax,80,0.0011224746704101562,4
MinMax,Alpha-Beta,85,0.0016379356384277344,4
Alpha-Beta,MinMax,48,0.0006248950958251953,4
MinMax,Alpha-Beta,84,0.0014934539794921875,4
Alpha-Beta,MinMax,43,0.0006785392761230469,4
MinMax,Alpha-Beta,48,0.0007529258728027344,4
Alpha-Beta,MinMax,15,0.0002582073211669922,4
MinMax,Alpha-Beta,15,0.00031566619873046875,4
Alpha-Beta,MinMax,14,0.00022220611572265625,4
MinMax,Alpha-Beta,3,6.4849853515625e-05,4
Alpha-Beta,MinMax,4073,0.06783008575439453,5
MinMax,Alpha-Beta,19608,0.3580324649810791,5
Alpha-Beta,MinMax,2393,0.039470672607421875,5
MinMax,Alpha-Beta,18767,0.34142518043518066,5
Alpha-Beta,MinMax,3614,0.06743884086608887,5
MinMax,Alpha-Beta,19606,0.37083959579467773,5
Alpha-Beta,MinMax,2641,0.05271196365356445,5
MinMax,Alpha-Beta,19190,0.38754868507385254,5
Alpha-Beta,MinMax,3714,0.07735157012939453,5
MinMax,Alpha-Beta,18774,0.38541483879089355,5
Alpha-Beta,MinMax,5275,0.10194754600524902,5
MinMax,Alpha-Beta,18238,0.38152122497558594,5
Alpha-Beta,MinMax,5245,0.13732552528381348,5
MinMax,Alpha-Beta,17193,0.3441812992095947,5
Alpha-Beta,MinMax,5935,0.12144804000854492,5
MinMax,Alpha-Beta,12002,0.2446427345275879,5
Alpha-Beta,MinMax,3322,0.07478523254394531,5
MinMax,Alpha-Beta,12944,0.2682921886444092,5
Alpha-Beta,MinMax,4422,0.10208725929260254,5
MinMax,Alpha-Beta,13055,0.2771894931793213,5
Alpha-Beta,MinMax,2029,0.04659581184387207,5
MinMax,Alpha-Beta,5561,0.12035250663757324,5
Alpha-Beta,MinMax,1839,0.03527522087097168,5
MinMax,Alpha-Beta,5286,0.1080021858215332,5
Alpha-Beta,MinMax,632,0.011834859848022461,5
MinMax,Alpha-Beta,918,0.017831087112426758,5
Alpha-Beta,MinMax,264,0.0036427974700927734,5
MinMax,Alpha-Beta,228,0.003041505813598633,5
Alpha-Beta,MinMax,107,0.0017271041870117188,5
MinMax,Alpha-Beta,174,0.002493143081665039,5
Alpha-Beta,MinMax,56,0.0006527900695800781,5
MinMax,Alpha-Beta,70,0.0009069442749023438,5
Alpha-Beta,Iterative Deepening,4073,0.0728299617767334,5
Iterative Deepening,Alpha-Beta,3928,0.07957625389099121,5
Alpha-Beta,Iterative Deepening,2393,0.04457283020019531,5
Iterative Deepening,Alpha-Beta,3596,0.0645291805267334,5
Alpha-Beta,Iterative Deepening,3614,0.06505370140075684,5
Iterative Deepening,Alpha-Beta,3733,0.07450342178344727,5
Alpha-Beta,Iterative Deepening,2641,0.052915334701538086,5
Iterative Deepening,Alpha-Beta,4030,0.08667445182800293,5
Alpha-Beta,Iterative Deepening,3714,0.07903814315795898,5
Iterative Deepening,Alpha-Beta,4040,0.08910202980041504,5
Alpha-Beta,Iterative Deepening,5275,0.10800623893737793,5
Iterative Deepening,Alpha-Beta,6516,0.1384270191192627,5
Alpha-Beta,Iterative Deepening,5245,0.10913467407226562,5
Iterative Deepening,Alpha-Beta,6006,0.12393403053283691,5
Alpha-Beta,Iterative Deepening,5935,0.1351327896118164,5
Iterative Deepening,Alpha-Beta,7442,0.1612682342529297,5
Alpha-Beta,Iterative Deepening,3322,0.07294917106628418,5
Iterative Deepening,Alpha-Beta,4792,0.10149765014648438,5
Alpha-Beta,Iterative Deepening,4422,0.10097050666809082,5
Iterative Deepening,Alpha-Beta,5132,0.1114497184753418,5
Alpha-Beta,Iterative Deepening,2029,0.04594302177429199,5
Iterative Deepening,Alpha-Beta,2552,0.05145144462585449,5
Alpha-Beta,Iterative Deepening,1839,0.0429384708404541,5
Iterative Deepening,Alpha-Beta,2010,0.046479225158691406,5
Alpha-Beta,Iterative Deepening,632,0.01275491714477539,5
Iterative Deepening,Alpha-Beta,531,0.010134220123291016,5
Alpha-Beta,Iterative Deepening,264,0.0044825077056884766,5
Iterative Deepening,Alpha-Beta,235,0.004119873046875,5
Alpha-Beta,Iterative Deepening,107,0.002320528030395508,5
Iterative Deepening,Alpha-Beta,175,0.002533435821533203,5
Alpha-Beta,Iterative Deepening,56,0.0007061958312988281,5
Iterative Deepening,Alpha-Beta,62,0.0009760856628417969,5
Alpha-Beta,Iterative Deepening,913,0.01792311668395996,4
Iterative Deepening,Alpha-Beta,1127,0.019948244094848633,4
Alpha-Beta,Iterative Deepening,891,0.015668153762817383,4
Iterative Deepening,Alpha-Beta,1110,0.02166581153869629,4
Alpha-Beta,Iterative Deepening,844,0.015281915664672852,4
Iterative Deepening,Alpha-Beta,989,0.02146315574645996,4
Alpha-Beta,Iterative Deepening,490,0.008742570877075195,4
Iterative Deepening,Alpha-Beta,558,0.014921903610229492,4
Alpha-Beta,Iterative Deepening,386,0.007910966873168945,4
Iterative Deepening,Alpha-Beta,608,0.013776063919067383,4
Alpha-Beta,Iterative Deepening,376,0.006386756896972656,4
Iterative Deepening,Alpha-Beta,317,0.005370616912841797,4
Alpha-Beta,Iterative Deepening,110,0.0019752979278564453,4
Iterative Deepening,Alpha-Beta,406,0.008472681045532227,4
Alpha-Beta,Iterative Deepening,283,0.006132841110229492,4
Iterative Deepening,Alpha-Beta,518,0.02161860466003418,4
Alpha-Beta,Iterative Deepening,262,0.005839109420776367,4
Iterative Deepening,Alpha-Beta,496,0.010071277618408203,4
Alpha-Beta,Iterative Deepening,141,0.0034987926483154297,4
Iterative Deepening,Alpha-Beta,252,0.005556583404541016,4
Alpha-Beta,Iterative Deepening,130,0.002641439437866211,4
Iterative Deepening,Alpha-Beta,255,0.0069386959075927734,4
Alpha-Beta,Iterative Deepening,97,0.0013613700866699219,4
Iterative Deepening,Alpha-Beta,154,0.0025603771209716797,4
Alpha-Beta,Iterative Deepening,101,0.0016355514526367188,4
Iterative Deepening,Alpha-Beta,155,0.0032660961151123047,4
Alpha-Beta,Iterative Deepening,96,0.001295328140258789,4
Iterative Deepening,Alpha-Beta,149,0.0027217864990234375,4
Alpha-Beta,Iterative Deepening,80,0.001981496810913086,4
Iterative Deepening,Alpha-Beta,84,0.0013298988342285156,4
Alpha-Beta,Iterative Deepening,48,0.0016264915466308594,4
Iterative Deepening,Alpha-Beta,83,0.0013489723205566406,4
Alpha-Beta,Iterative Deepening,43,0.0006265640258789062,4
Iterative Deepening,Alpha-Beta,61,0.0009291172027587891,4
Alpha-Beta,Iterative Deepening,15,0.00023174285888671875,4
Iterative Deepening,Alpha-Beta,35,0.0005719661712646484,4
Alpha-Beta,Iterative Deepening,14,0.0005075931549072266,4
Iterative Deepening,Alpha-Beta,12,0.00018334388732910156,4
Alpha-Beta,Iterative Deepening,174,0.0025784969329833984,3
Iterative Deepening,Alpha-Beta,280,0.004402875900268555,3
Alpha-Beta,Iterative Deepening,257,0.004267215728759766,3
Iterative Deepening,Alpha-Beta,297,0.004785299301147461,3
Alpha-Beta,Iterative Deepening,237,0.004522085189819336,3
Iterative Deepening,Alpha-Beta,217,0.0038604736328125,3
Alpha-Beta,Iterative Deepening,129,0.002323150634765625,3
Iterative Deepening,Alpha-Beta,164,0.0026886463165283203,3
Alpha-Beta,Iterative Deepening,78,0.0012722015380859375,3
Iterative Deepening,Alpha-Beta,63,0.0009458065032958984,3
Alpha-Beta,Iterative Deepening,117,0.0020601749420166016,3
Alpha-Beta,Iterative Deepening,42,0.0007064342498779297,2
Iterative Deepening,Alpha-Beta,45,0.0007450580596923828,2
Alpha-Beta,Iterative Deepening,31,0.0005445480346679688,2
Iterative Deepening,Alpha-Beta,38,0.0006525516510009766,2
Alpha-Beta,Iterative Deepening,34,0.0006644725799560547,2
Iterative Deepening,Alpha-Beta,49,0.0018355846405029297,2
Alpha-Beta,Iterative Deepening,32,0.0005331039428710938,2
Iterative Deepening,Alpha-Beta,35,0.000804901123046875,2
Alpha-Beta,Iterative Deepening,26,0.0006341934204101562,2
Iterative Deepening,Alpha-Beta,31,0.0007803440093994141,2
Alpha-Beta,Iterative Deepening,25,0.0005245208740234375,2
Iterative Deepening,Alpha-Beta,36,0.0008864402770996094,2
Alpha-Beta,Iterative Deepening,23,0.0006997585296630859,2
Iterative Deepening,Alpha-Beta,21,0.0003619194030761719,2
Alpha-Beta,Iterative Deepening,18,0.00035858154296875,2
